{"options":{"check_for_updates":true,"comment":null,"compat_foreach":false,"compat_metadata":false,"compat_powerful_this":null,"compat_wrappedjsobject":false,"compatopts_for_requires":true,"noframes":null,"override":{"merge_connects":true,"merge_excludes":true,"merge_includes":true,"merge_matches":true,"orig_connects":[],"orig_excludes":[],"orig_includes":[],"orig_matches":["*://link.csdn.net/*","*://link.juejin.cn/*","*://juejin.cn/*","*://www.jianshu.com/p/*","*://www.jianshu.com/go-wild?*","*://*.zhihu.com/*","*://tieba.baidu.com/*","*://*.oschina.net/*","*://gitee.com/*","*://leetcode.cn/link/*","*://blog.51cto.com/*","*://*.baidu.com/*","*://m.so.com/s?*","*://www.so.com/s?*","*://www.sogou.com/web?*","*://*.bing.com/search*","*://www.423down.com/*","*://www.coolapk.com/link*","*://*.eslint.org/docs/latest/*","*://learn.microsoft.com/*","*://developer.mozilla.org/*","*://www.tampermonkey.net/*"],"orig_noframes":null,"orig_run_at":"document-body","orig_run_in":[],"orig_tags":[],"use_blockers":[],"use_connects":[],"use_excludes":[],"use_includes":[],"use_matches":[]},"run_at":null,"run_in":null,"sandbox":null,"tags":[],"unwrap":null,"user_modified":null},"settings":{"enabled":true,"position":6},"meta":{"name":"链接管理","uuid":"f1ea03b4-4951-42c7-a67a-7c17bf201745","modified":1747012040058,"file_url":"https://update.greasyfork.org/scripts/443670/%E9%93%BE%E6%8E%A5%E7%AE%A1%E7%90%86.user.js"}}